cv_0, cv_1, cv_2, cv_3, cv_4
3PP4, 2FTM, 6DDM, 5XOV, 1CSO
4LQF, 2UUY, 5KVF, 5EU6, 1CT0
4JG1, 2FTL, 6JJP, 2AK4, 1CT2
1DEE, 3UIR, 5TZT, 5C07, 1CT4
1HEZ, 1EAW, 4I77, 5C0C, 1SGD
5OCK, 3FP6, 4EDW, 4FTV, 1SGE
4G6F, 3P95, 5DMI, 4JFE, 1SGN
6U8C, 4AFQ, 1TZI, 5C0B, 1SGP
4ZFO, 2G81, 6BIT, 3PWP, 1SGQ
4JFZ, 3P92, 2W9E, 4QRP, 1SGY
5E8D, 6HAR, 4FFZ, 3H9S, 2NU0
5CIN, 4AFZ, 6FLB, 3QFJ, 2NU1
4LMQ, 4DG4, 3BDY, 4JFF, 2NU2
5CIL, 1ZR0, 2FJH, 5C0A, 2NU4
6BLH, 2R9P, 2QR0, 5XOT, 2SGP
4JG0, 4AG2, 3WIH, 3D39, 2SGQ
4O4Y, 4U32, 6P50, 3D3V, 3SGB
3IFL, 1D6R, 2JEL, 3QDG, 2C1M
5KZP, 2PTC, 3L5W, 1MI5, 2C1T
4WY7, 2TGP, 4DTG, 3QDJ, 4PVZ
4RIS, 6GFI, 2VXQ, 4JFD, 3UL1
2FX9, 6BX8, 4AM0, 5C09, 3UL0
6D01, 3BTF, 5HHX, 1QRN, 6IWA
2MPA, 3BTD, 5XXY, 1QSE, 6IUA
1F90, 3BTG, 4JLR, 1QSF, 3UKX
3IFO, 3BTM, 4LU5, 4L3E, 3UKZ
4JFX, 3BTQ, 4ZFF, 5TEZ, 3UKW
4XH2, 3BTT, 4AEI, 3GSN, 6K06
4XGZ, 4U30, 1MHH, 4MNQ, 1PJM
5DD0, 6KBR, 3KR3, 5MEN, 1PJN
5ZIA, 1MCV, 2VXS, 2VLR, 6IW8
6H0E, 1TAW, 4F3F, 3HG1, 6IU7
4HIX, 3BTE, 3QWO, 6AVF, 6BW9
5MYK, 3BTH, 2J4W, 2YPL, 4WW2
3O6M, 3BTW, 2J5L, 5HHO, 5D7J
5I8C, 3L33, 6UVO, 5C08, 5D5M
6MNQ, 1C9T, 2HFG, 1BD2, 5D7I
2A6I, 1EJA, 5DRZ, 5IVX, 4PJ5
2R0Z, 1F5R, 4HS6, 1AO7, 4PJE
3EYF, 3TGK, 2OR9, 3SDA, 4PJ7
3EYU, 1C9P, 5MYX, 3HUJ, 4PJH
3GGW, 1FY8, 6CDO, 3SCM, 4PJG
3UYR, 1F7Z, 3BKY, 3SDC, 4PJF
4ONF, 1LDT, 5MYO, 3SDD, 4PJX
4YHP, 4DOQ, 4HS8, 3O9W, 4PJC
5WTT, 2XTT, 1N64, 3RZC, 4PJA
6E4Y, 4AOQ, 1MPA, 4ZAK, 5D7L
6F7T, 1AN1, 6CQL, 3RTQ, 4PJB
2A6K, 4AOR, 6CQN, 3TVM, 5HHM
6B5R, 1PPE, 6CQQ, 6CXF, 1TM1
6DC8, 1G9I, 5KSA, 6MSS, 1TM7
6E4Z, 2NXY, 4P2O, 3VWJ, 1Y1K
3FN0, 1YYL, 4OZF, 3VWK, 1Y33
3G5Y, 1YYM, 4OZG, 4EN3, 1TM3
3IFP, 2NXZ, 4P2Q, 1DQJ, 1TM4
6AXL, 2NY0, 4P2R, 5KVD, 1TM5
6H06, 2NY1, 5KS9, 3HFM, 1TO1
1HH6, 2NY3, 3QIB, 1XGP, 1Y4D
1HH9, 2NY4, 4E41, 1XGQ, 1SBN
2HKF, 2NY6, 4GG6, 1XGR, 1SIB
2Y6S, 2NY2, 3QIU, 1XGT, 1Y4A
4J8R, 2NY5, 3QIW, 1NBY, 1CSE
1TET, 2I5Y, 3VXM, 1NBZ, 6AVG
3EYS, 2I60, 1NAM, 1XGU, 4PJ8
3U0T, 2SIC, 3UTT, 6NMS, 4PJ9
5CSZ, 1TMG, 4PRI, 6NMU, 4PJD
6B5T, 1Y34, 4QOK, 1WEJ, 3MV7
2Y36, 1Y3C, 3DXA, 2P4A, 3MV8
5VZY, 1Y3D, 4PRH, 2P43, 3FFC
2XZQ, 1Y3B, 3O4L, 2P49, 3UTS
2Y06, 1Y48, 2E7L, 3QSK, 3KPR
5TKJ, 1LW6, 2ESV, 4POU, 3KPS
3IET, 2SNI, 4MJI, 2P42, 3QDM
4WHT, 4GI3, 2OI9, 2P45, 3QEQ
5TKK, 1R0R, 3E3Q, 2P48, 3U43
5E2W, 2G2U, 1B27, 2P47, 2VLO
6BB4, 3C4O, 1B2S, 2P44, 2VLQ
2Y07, 3C4P, 1B2U, 2P46, 2VLP
3G5V, 3N4I, 1B3S, 3VFN, 1EMV
5E2V, 2G2W, 1X1U, 3VFV, 1FR2
4WHY, 1S0W, 1X1X, 3VFU, 2GYK
2P5E, 1XXM, 1X1W, 3VFM, 2VLN
2BNQ, 1JTG, 1X1Y, 3VFR, 6ER6
2BNR, 3E2K, 2ZA4, 3VFT, 6ERE
1OGA, 3GMW, 1BRS, 3VFS, 2WPT
2PYE, 3TN0, 4KHT, 3VFO, 4B1Y
1LP9, 3HE6, 4KHX, 3VFP, 2V52
2J8U, 3TO4, 6B5O, 3VFW, 4B1X
2JCC, 3RUG, 3IXT, 3NCB, 4B1V
2UWE, 3HE7, 6CDP, 3N0P, 3SJH
5D2L, 3QUY, 6MNR, 3MZG, 3U8X
4W4O, 3O8X, 6CDM, 3N06, 3U9D
4X4M, 3QUZ, 3E8U, 3NCC, 3U9Z
5VU0, 3QUX, 6DF2, 1BP3, 5F3B
5YC5, 2QHR, 2OMX, 1A22, 3L5X
3AY4, 2EH8, 2OMW, 1AXI, 4WV1
3WN5, 1PZ5, 2OMU, 3LMS, 3L5Y
3SGK, 4YHZ, 2OMY, 1ZLI, 4PS4
5BW7, 2ZPK, 2OMV, 3FJU, 2H9G
1RKC, 6DCA, 2OMZ, 3OSL, 4N9G
1SYQ, 5T78, 2OMT, 2ABZ, 3O6L
2HSQ, 5T6P, 3CH5, 4A94, 5UUL
2GWW, 6NMR, 3GJ8, 4CPA, 6E3J
3RF3, 5KVG, 3GJ3, 4DGI, 2VOH
1T01, 4HWB, 3GJ6, 1TZH, 6E3I
4DJ9, 3Q1S, 3GJ4, 2FX7, 2VOI
4R3S, 1ZA3, 3GJ7, 4N8C, 2VOG
4QYO, 5IKC, 3GJ5, 2FX8, 3KZ0
4QY8, 6BLI, 2OL3, 2A6D, 1Z7X
4QXT, 5INB, 1FO0, 1UWX, 1A4Y
1I8K, 3V4Y, 1G6R, 3UZQ, 3TSR
1I8I, 4MP0, 1MWA, 3UZE, 1DFJ
1P4B, 5J28, 3TF7, 3UZV, 4PEQ
5AYS, 5IOH, 3TPU, 3UYP, 4PER
5AYR, 5ZQV, 3E2H, 5AAW, 1C1Y
3WDG, 5FOB, 6UDA, 5AAM, 3KUC
2J8X, 5FO9, 3SE8, 2V1D, 1K8R
4LYL, 5FOA, 3SE9, 5X60, 1GUA
1UUG, 6EHG, 5TE6, 5H6Q, 3KUD
3C60, 5FO8, 3U7Y, 5H6R, 4G0N
4P23, 3L5N, 4JKP, 2Y48, 5UWH
6CQR, 5KY0, 2B10, 2UXN, 5UWQ
3RDT, 5KY4, 2B11, 1AVX, 5UWU
4P46, 5KXH, 2PCC, 4J2Y, 5UWS
4P5T, 5KY5, 2PCB, 6DWF, 5UWO
2WY8, 5KY9, 2JTI, 6DWH, 1RY7
2GOX, 2AQ1, 2J12, 4AN7, 3OJM
3D5R, 2AQ2, 1KAC, 4LQW, 2FDB
3D5S, 2AQ3, 1P69, 1AK4, 3OJ2
2NOJ, 3BZD, 1P6A, 2X2D, 1DJS
3H7B, 3MC0, 2J1K, 4DGE, 4GN5
3H9H, 5TE4, 1MLC, 1M9E, 4GN4
3IXA, 5TE7, 1BQL, 3IU3, 4GLV
2V2W, 5CD5, 1YQV, 5NMV, 4GN3
1P1Z, 6MFT, 2IFF, 2BDN, 4GLA
1HRT, 5IGX, 6DDR, 4DN4, 1BVK
2PW8, 5L6N, 4FQI, 5KN5, 1KIP
3B23, 4THN, 4FQY, 4EI5, 1KIQ
1IHS, 1DIT, 5WKO, 4WO4, 1KIR
1QUR, 3P6Z, 6B3M, 5L2K, 1VFB
4JRX, 1A3B, 4FQV, 4WWK, 3GNI
4JRY, 3IFQ, 3HO5, 4ELM, 4O27
3MV9, 1M1E, 2WFX, 2VSM, 4FZA
2VLJ, 1TH1, 2WG4, 6P7Y, 4NZW
3VXU, 1V18, 2WG3, 6P7S, 1SHZ
4C2A, 1FQJ, 2OT3, 6THG, 3CX7
1M10, 4EKD, 4G01, 4M0W, 3CX8
1SQ0, 4EKC, 2EFD, 5V69, 3CX6
4C2B, 2V4Z, 2EFH, 5TL6, 3SF4
2W80, 1J7V, 4ILW, 5V6A, 4WND
4AYD, 1Y6K, 6N9D, 2HLE, 4A1S
4AYE, 1Y6M, 6MAV, 2WO2, 4G2V
2W81, 1Y6N, 3V96, 4L0P, 5SZJ
1ACB, 5KHO, 1FCC, 3GXU, 5SZH
3RDZ, 1LFD, 5U4Y, 4UYP, 5SZI
1GL0, 6BA6, 1FC2, 4UYQ, 5SZK
1GL1, 6AMB, 5U52, 3UL4, 4CMM
3O40, 3KNB, 5NVM, 1OHZ, 2JJS
3O43, 2WP3, 5NVN, 2KBW, 2JJT
4DZU, 2WWK, 5XLN, 3KJ0, 4KJY
4DZV, 4C4K, 5ME5, 3KJ1, 4A1U
5B76, 2R0L, 3RVV, 3KJ2, 2P1L
5B75, 2WUC, 3RVW, 6Q0O, 2YQ7
5B78, 3K2U, 5VPG, 6Q0H, 3R85
5B77, 2WUB, 5VPL, 6Q18, 5SY8
5LQB, 3LK3, 5D8J, 4YK4, 5TFW
1P2C, 3AA6, 5D1Q, 3EO1, 5T6L
1OB1, 3AA0, 5TRU, 4KXZ, 5T5B
5DFV, 3LK2, 5TZ2, 6DKJ, 3G6D
3NH7, 2QJ9, 3PL6, 4H88, 5D72
5OTJ, 2QJA, 4GRL, 2Y6T, 5C7X
5GHW, 1REW, 45781, 4IW4, 6B0S
6AXK, 2QJB, 5KSB, 1AZZ, 4G9F
6PLM, 5IJ0, 2XHE, 1EZS, 4G8G
6OQQ, 5IJ9, 4JEU, 2WQZ, 3VXS
6K4K, 1FFX, 4JEH, 3BIW, 3VXR
5UZU, 4AP2, 1KXT, 2XB6, 5MV8
6BMT, 4APF, 1KXV, 1B41, 5MV9
6AZP, 6I2M, 1BVN, 1MAH, 5XBF
5MA4, 5JLV, 6KBM, 1FSS, 4APX
5MA3, 4JRA, 5XJG, 1JCK, 4AQE
5MAK, 5JMC, 6KBN, 1SBB, 4XXW
6AW2, 6S29, 4YIZ, 1L0Y, 4X7E
6GBG, 4PC0, 2Y8T, 6H7N, 5O05
6GBH, 4PBZ, 2Y8S, 3P0G, 4X7D
3BT1, 4NM3, 5J56, 6H7O, 4F38
2I9B, 4NU1, 5U4M, 4KA2, 5FR2
3LAQ, 1GNG, 5BOZ, 4K0A, 5FR1
4YPI, 2WWX, 1DP5, 4JZW, 4H3P
5F5O, 3JZA, 1DPJ, 5LI1, 3TEI
5XSQ, 5O74, 1G0V, 1FMO, 5O90
2XNS, 4YL8, 5NQF, 2CPK, 6NE2
3ONW, 4ZRK, 3ZWZ, 5LXM, 6NE4
3QI2, 3WA0, 3SRI, 5G1X, 6NDZ
5D1L, 6J4S, 6JB2, 5HU3, 4K1R
5D1M, 6J4O, 6JB8, 1XJ7, 4MSM
5D1K, 6J9H, 1ZVY, 1T63, 4PQT
4GEH, 3F1P, 5V5H, 1T5Z, 5A2J
3W8H, 4H6J, 5JZE, 2Z3Q, 5A2K
3W8I, 2A24, 5V5I, 2Z3R, 5A2I
3REA, 6F0F, 2PON, 2PSM, 2BE6
3REB, 6F0G, 4YJ4, 4M1L, 4Q5U
1EFN, 2I32, 2XA0, 3DVM, 2VAY
3DXD, 5YIP, 3UIH, 2HQW, 2LVO
3DXC, 5YIR, 3UIG, 3EQS, 2MJ5
3DXE, 6AAF, 3UII, 3EQY, 2QHO
4DRX, 4ZS6, 3P0Y, 3LNZ, 4I3R
5EYP, 5DO2, 5SX5, 3BPN, 5IES
4F6R, 4ZPT, 5SX4, 5E4E, 4JPK
6MVL, 4F0Z, 6O3B, 3BPO, 3NFP
6O39, 6NUC, 6O3A, 6JEP, 3UC0
6DDV, 6NUF, 6K0Y, 6K7O, 4AL8
6JBT, 2FJG, 4HSA, 6FLC, 4M1D
5D1X, 4ALA, 5NAN, 4M62, 3GHE
5B71, 2HRP, 3JVF, 4ODX, 1SM3
3A67, 1BTH, 6JDJ, 4M8Q, 6BVA
3A6B, 5NHU, 6J9L, 6QMP, 6BYH
3A6C, 4BOH, 6J9M, 6QMS, 6C16
5DI9, 1MTN, 2J8S, 6QMQ, 4Z7U
5DH9, 1CBW, 3NOC, 5JTO, 4Z7W
5DHA, 1CA0, 3NOG, 5JTR, 4Z7V
4GNK, 3M62, 4KR0, 5JTP, 2P8Q
3OHM, 3M63, 4QZV, 2H4M, 2Q5D
3WRY, 1T6B, 5CXB, 2OT8, 2AJF
3WRX, 1TZN, 5CYK, 6H15, 3KBH
5XWT, 3ZYJ, 4KRO, 6H16, 5MY6
5XNP, 3ZYI, 4KRP, 2OZA, 3MZW
1VG0, 4CJ1, 6JCS, 2ONL, 3ZEU
3CPH, 4CJ0, 6IHB, 4YEB, 3ZET
4HGK, 4RA0, 3OUX, 5CMN, 1JTD
4HGM, 5VXZ, 3OUW, 4MYW, 3QHY
2HQS, 4M5F, 3D7U, 3U82, 3EG5
2W8B, 3WA5, 3D7T, 2BTF, 4YC7
3DAW, 3IDC, 3ZU7, 3CHW, 3H3G
1T44, 3IDB, 3ZUV, 4HDO, 3C4M
6E2P, 4V0O, 3O4O, 4DXA, 2Y5B
5IXD, 4V0N, 4GAF, 5OYL, 2HD5
2Z8V, 5F4E, 3FIE, 5OY9, 5Y7Z
2Z8W, 5JKE, 3FII, 3CQC, 5Y80
3SE4, 1YRT, 4BRW, 3CQG, 2B0Z
3SE3, 1YRU, 4BRU, 1USV, 2B12
3VV2, 1GRN, 6FV0, 1USU, 4Z9K
2Z58, 5HPY, 6FUZ, 4ZRJ, 4LGP
2A78, 3BN3, 4WEM, 2D10, 1L4Z
2A9K, 1MQ8, 4WEN, 2I3S, 1L4D
3PNR, 4XLW, 4ZW2, 2I3T, 4K5A
2OUL, 4XL1, 1VYT, 6PNQ, 4K5B
2NQD, 6H46, 3ME2, 6PNP, 4HCN
3E1Z, 6H47, 5BNQ, 1XD3, 4HCP
3QBQ, 4ZI2, 3DI3, 3KW5, 4L67
4GIQ, 3DOE, 3DI2, 5K22, 5H9B
2X1X, 4EQA, 3G3B, 5LXQ, 3Q9N
3V6B, 3VPJ, 3G3A, 4OYD, 3Q9U
3MA2, 4TQ1, 4NOO, 5JSB, 1ZC4
2J0T, 4TQ0, 4NSO, 2REX, 1ZC3
4ZK9, 4RJF, 6MBA, 3Q3J, 2UYZ
4ZKC, 2ZVK, 4OVN, 3K1R, 3A4S
6CBP, 3QQ8, 3EBA, 5F3X, 4RE1
5YY4, 3QC8, 1OP9, 1RJC, 5OAQ
4DM6, 1H9D, 4UWX, 1RI8, 2I26
4DM8, 1E50, 2F31, 5IMM, 2I25
6GVK, 5Z2W, 1VET, 5IMK, 5NVK
6GVL, 6H9N, 1VEU, 1LZW, 5NVL
4C4P, 4DH2, 5VKO, 1R6Q, 4REY
4D0G, 2CCL, 5VKL, 5UFQ, 5H3J
4MIT, 6F9S, 5DJT, 5UFE, 5MTJ
4JS0, 6S8S, 5DJU, 1S4Y, 3K2M
2HTH, 5MTM, 5VX0, 1LX5, 5WRV
2DX5, 5MTN, 2M5B, 2WH6, 5M72
6FUB, 6FBX, 2K79, 2XPX, 1MXE
6FUD, 5WOS, 2K7A, 5TZP, 1VRK
1YD8, 5ELU, 5TGH, 5TZQ, 2BYK
1WR6, 5EQL, 5WY2, 5LZ3, 2BYM
2K8B, 4MI8, 5CW7, 5LZ6, 2DSP
2K8C, 3DVU, 5CZF, 2KWK, 1WQJ
2C7M, 1H0T, 2KWU, 2KWJ, 5FVK
2C7N, 1LP1, 2KTF, 5YR0, 4NIQ
6UYU, 3G7A, 2NYY, 6AKM, 6MSL
6UYS, 3F50, 2NZ9, 2NUT, 6MSU
3S2K, 1N8Z, 5YWO, 2NUP, 5XJO
3S8V, 3BE1, 5YWP, 2OOR, 5XKJ
5OOB, 5U7O, 1YK0, 1NM5, 4FQR
5OO6, 5U7M, 1YK1, 3NGB, 4FP8
4MHH, 1QFU, 3IDX, 6BCK, 6RHV
4MHJ, 1EO8, 3IDY, 5YHL, 6RHW
2VIR, 3SO3, 4IJ3, 5YWY, 4D9R
2VIS, 3BN9, 5D96, 2AEP, 4D9Q
4M5Z, 4K9E, 1AHW, 2AEQ, 3MA9
5XKU, 4K94, 1JPS, 3B2U, 3MAC
1NMB, 6IVZ, 1MHP, 6B3S, 3EOA
1NMA, 6IW0, 2B2X, 1E4K, 3EOB
6B0G, 6B08, 1U7V, 3RY6, 1EER
6B0E, 6AZZ, 1U7F, 3NPZ, 1CN4
4G6M, 5BVP, 6BKD, 3EW3, 5MES
6OY4, 4G6J, 6BKC, 3R2X, 5MEV
4Z5R, 6E62, 4W4L, 4EEF, 6D6U
4DKE, 6E63, 5XFS, 5VYF, 6D6T
3TJE, 6NMT, 5FCU, 6PLK, 5D70
3THM, 6J6Y, 1NL0, 3BPL, 5D71
4OD2, 2B0U, 5J11, 5M5E, 4MQW
4HPY, 3HH2, 4NN6, 5GVI, 1XWD
2OQJ, 5EOC, 2JZN, 5OHP, 2ODY
6CXG, 6DC9, 1VSQ, 1TBQ, 1TOC
2P3F, 2Y0B, 3RPG, 1TBR, 6J5D
1KIG, 2XZD, 4S3O, 5NH3, 6J5F
6A78, 3LH2, 1L2W, 5NGV, 2IJO
6A79, 3H3P, 4JMF, 6G10, 3U1J
4XHJ, 5EIB, 5GWO, 5A6W, 4HLZ
4XI5, 5ITZ, 5GWP, 3SJA, 4PY8
4H2W, 3HAE, 1BJ1, 3ZS8, 1NEZ
4H2S, 3GJF, 1CZ8, 4KGQ, 1AKJ
3DVG, 3S5L, 2ZVO, 4KGG, 6BX5
3DVN, 3S4S, 2ZVN, 2F53, 6BX4
1FLT, 1LQB, 1NYS, 2F54, 5NX1
1QTY, 1LM8, 1NYU, 6DCN, 5NX3
5Z7G, 1CHO, 5EOF, 5VX3, 1RLB
5Z7L, 3BG4, 5EOA, 6DNQ, 1QAB
1O94, 3ORV, 4HEM, 6DMX, 3ZIA
1O95, 4O1Q, 4IOS, 3PVM, 1KBH
3KLS, 4YOC, 3GB8, 3OKY, 2WII
3OL2, 6B6U, 4OL0, 3NVQ, 1ZM4
6ATK, 4U4C, 4RT6, 4CVW, 5ODW
5BN5, 6NFJ, 5WQL, 1HE8, 1OGY
4YH7, 6O07, 2FJU, 3K8P, 4QT8
3NVN, 2VDA, 4BYF, 1OYH, 2WJV
5XEQ, 1GXD, 3WKT, 4YFD, 6N85
6M7L, 1KXP, 2QNA, 4GU0, 6I3F
3QLU, 4G8A, 5D3I, 1SHY, 2GAF
3MCA, 4CU4, 3QWQ, 5VNW, 4FT4
3WQB, 1H1V, 1DHK, 3UAI, 2XQR
3SUA, 3GC3, 4C9B, 3TU3, 4ETP
6HUL, 2Q7N, 2PKG, 1GLA, 4RWT
3F1S, 3QML, 4OFY, 1NVU, 6BXA
1ATN, 2VDB, 1K93, 1IBR, 4Y61
1WPX, 5XDA, 3P71, 1KXQ, 3TAC
5TOJ, 6BXC, 3FHC, 4PLO, 1OPH
1WVE, 3RGF, 2ES4, 4BPX, 1AVA
6OBN, 2MLY, 4CT0, 4FZV, 5E6P
6IM9, 1JIW, 1TA3, 4P3Y, 1E6E
1UL1, 2J7P, 5HXB, 3GTY, 6F2G
3C66, 1XDT, 3AU4, 4ZV4, 1I2M
4D0N, 4KT1, 3TNF, 2B42, 2JGZ
3BLH, 5L21, 4U97, 2MLZ, 3KZ1
5IMT, 1I4E, 3GQI, 4BKX, 2B7C
3ALZ, 6IDX, 2BO9, 2MLX, 3LB8
5HVG, 6MM6, 6HT9, 6EG1, 3INB
5CTR, 1M5N, 6EG0, 3RT0, 4ZGY
6O3O, 1CLV, 4Z80, 4HJJ, 3ZKQ
5O0W, 5UK5, 5HVF, 2W19, 1WQ1
3OLM, 5NPO, 6CH3, 6JWJ, 3QBV
4IKA, 5WPA, 1GC1, 4IC7, 4ZRP
3BH6, 4M76, 5GLH, 1Y8N, 6CH2
4C5G, 4DS8, 4XL5, 4BD9, 1XG2
4U0Q, 2VE7, 1TE1, 3LVK, 3TG1
1F34, 2V3B, 5FHX, 3BX1, 4DVG
3EGG, 5CHV, 3BP8, 4PBW, 5WGG
4EXP, 4IU3, 1GPW, 6I07, 2XBB
3VYR, 3WO3, 5HPK, 2WEL, 4GH7
3KV4, 5HPS, 4F9L, 4PW9, 5O03
1RKE, 4ZLT, 2PMS, 4X7S, 5KOV
4KVG, 3KBT, 5Y1Z, 6SAZ, 3BEG
3T6G, 4IZ7, 4KBB, 6IRD, 1B6C
6D13, 4F9P, 3F7P, 1XQS, 4V2C
1F6M, 3R4D, 5MZV, 4X33, 5OMN
3OED, 3OXU, 3ZNZ, 6F3Z, 3E2L
5NQG, 3MJ7, 4XHU, 2V5Q, 4X7F
6FPG, 3ULA, 6IRE, 4K81, 2C0L
5EG3, 4F0A, 6DBG, 3SKU, 3V3K
4DT1, 6ARQ, 6H71, 6GHO, 2POP
3K75, 5W3X, 6FG8, 5DOB, 6H6Y
1EWY, 1OC0, 1US7, 5MAD, 2MP0
1TDQ, 5W8T, 6FP7, 3O5T, 4BFI
5J57, 5TL7, 4QLP, 6CWG, 3ZO0
4XOI, 3TL8, 4U2X, 4Y8D, 4XVP
5MA6, 1YCS, 5MR4, 1G6V, 2QXV
2O3B, 4LGR, 4UEM, 3ZWL, 4PZ6
2PX9, 5HGG, 6QB3, 4ZGQ, 5LHN
3M18, 4RS1, 5DCQ, 3ETB, 5OVW
1PVH, 3H6S, 4Y7M, 4YN0, 2WD5
4WEU, 4G6U, 5EE5, 5UWC, 6SAK
1E96, 3TKL, 4S0S, 5ET1, 5N47
5UN7, 3UX9, 5L8J, 3LB6, 5LRW
1BUH, 5G15, 2F4M, 2LP4, 1YVB
3K9M, 3RO2, 1DZB, 3OUN, 4B93
2F9Z, 3DGC, 4CC4, 3OGO, 2K5B
2MEJ, 4F48, 6ISC, 6IWD, 2O8V
2P5T, 5OEN, 5NQW, 6FQ0, 5TAR
5JJD, 4HRL, 5IUS, 3WN7, 4ETW
5FZT, 1NW9, 5TVQ, 4KRL, 5K39
5XOC, 2WY3, 5JW7, 2V9T, 1F3V
3LBX, 3S9D, 5O2S, 6EJG, 1ZHI
3AJB, 4QXA, 2WO3, 3WWN, 5JYL
6EJM, 1I8L, 1IAR, 1NF3, 4IYP
6IN9, 4AWX, 4NZL, 5DFW, 5EO9
5NUS, 3SEK, 6OV2, 2IY1, 5O2T
6GJQ, 2RF9, 3G9V, 5W9A, 4DID
2JKI, 2DVW, 4EUK, 4MRT, 3QBT
3DDC, 4ZQU, 5H7Y, 2HRK, 5VZ4
1GO4, 5B64, 5MR5, 6IMF, 1PXV
2XGY, 4LLO, 3BX7, 4HEP, 4I6L
4W6Y, 5NT1, 5SV3, 6MC9, 1J7D
5C4V, 6M9K, 1FLE, 2QC1, 2Y9M
4EIZ, 4ONS, 2IXQ, 1XT9, 5DMJ
2W2X, 1YDI, 3AON, 3L9J, 2J59
6NE1, 5M2M, 4EIG, 4J32, 6MUD
4KFZ, 5ML9, 1PPF, 3SYN, 2RMK
4PJ2, 4W6X, 5MN2, 5M2I, 6GUM
1UAD, 2KGX, 3O6B, 4KT3, 4W6W
6B12, 4CDK, 4JW2, 4WWI, 5JSN
6A3V, 4FQ0, 4I0C, 1ZMY, 1T0P
3G9W, 5E95, 4DX8, 5YWR, 1UUZ
3C9A, 1XQH, 2ARP, 5E7F, 5M2J
2FU5, 2VER, 3HCT, 3UZ0, 4HFF
1ZVH, 2M0G, 6MKZ, 1ZV5, 3H2V
4N7Z, 1TBA, 6FF3, 4PGJ, 5NT7
5JDS, 1Z92, 5XQZ, 2FEW, 2L0T
5ABV, 4IOP, 3D1M, 1P27, 2V8S
4XWJ, 2KWI, 3Q8D, 4ML7, 6HER
1SMF, 3KYI, 5V52, 1Z0K, 2KXH
5F5S, 2KI4, 4A49, 4DBG, 5M36
2JU0, 5OMB, 6ON9, 2LUH, 2N1D
5X0W, 3IA3, 1EES, 3ONA, 4LAD
4JW3, 2FUH, 4KDI, 4NQW, 6FC3
2X89, 6B8N, 2LFW, 3P9W, 2IHS
4YIQ, 5M2O, 2M49, 6UMT, 1ZGU
2LEH, 5XOD, 2LKM, 1S1Q, 3OIQ
5FV2, 2YGG, 5E3E, 2PTT, 2AW2
2L29, 2VYR, 3B08, 3UYO, 4M6B
4JEG, 5N88, 5UN5, 1J2J, 1U0S
1MZW, 4YVQ, 3MJH, 3T04, 5XCO
1G5J, 2LXM, 2M04, 2RU4, 3DA7
3H8K, 3RBB, 2VN5, 1QA9, 4H5S
1FFW, 2G45, 4JE4, 1WA8, 4LZX
4XXB, 5IP4, 5DC4, 2K2S, 4HRN
4CJ2, 5O2U, 6FE4, 1KTZ, 1YX5
1YX6, 2NBV, 3O34, 5VZM, 1AY7
2K3S, 5TWA, 4UDM, 6R2G, 4Y5O
6G04, 1TY4, 3PC8, 3OAK, 2IYB
5VWY, 4EHQ, 5TP6, 2M0J, 4UI1
1OQE, 5J8H, 1WRD, 5K8Q, 2RR3
3QHT, 3BK3, 6IVU, 6Q69, 1OEY
2BQZ, 2LWW, 2N8J, 2RNR, 4MJS
2LD7, 5AJJ, 2ROZ, 3RZW, 5UA4
6A6I, 2M55, 5NL1, 3FPU, 2KT5
5NWM, 1WLP, 2FYL, 2XZE, 5GJK
5YI8, 1F47, 1AVZ, 1SV0, 2QIY
4BWQ, 1TLH, 2KA4, 3BS5, 4UF1
2KHS, 2RVB, 2L1L, 2MWS, 6J7W
5GTB, 5XV8, 2N2H, 5JW9, 1XR0
2X9A, 6DSL, 1R8U, 2K2U, 2N73
5IVN, 2JT4, 4G35, 1L8C, 1UEL
3IXS, 5VMO, 5WUJ, 6J56, 1JSP
5JG6, 2JOD, 2KVQ, 2L9S, 2LQH
6OQJ, 6OQK, 2K6D, 2KNB, 6GD5
1U5S, 2KA6, 2MFQ, 1PK1, 2LZ6
2LOX, 1WR1, 2M86, 2KWO, 2MCN
2RMS, 2LY4, 2K8F, 2N01, 3EAB
2JY6, 2KC8, 2RUK, 2A7U, 1OTR
6GBU, 2KSO, 4NL9, 3K6G, 3LRH
2DEN, 2DSQ, 2MUR, 2L0F, 5ZAU
1JGN, 1JH4, 2KRI, 2MRO, 4YYP
5U4K, 5XIU, 2KJ4, 2MNU, 2V6X
1O9A, 2KQS, 2B87, 2M5A, 2OOB
2LPB, 2MZD, 2MBB, 1SB0, 2KWV
2MRE, 3VEP, 2K3U, 3VUX, 1P9D
3HTU, 4XKL, 1PD7, 3EJH, 6JJW
2K42, 2L14, 3V1C, 3ZRZ, 1Q5W
2LQC, 1Q0W, 2KXW, 1H59, 4C7N
4BQD, 3TZ1, 5EP6, 2MV7, 3E2U
4MQV, 1OZS, 1ZSG, 1WA7, 2LP0
2L2L, 6OSW, 2W84, 4PAS, 1Q68
2DJY, 1KNE, 1Q69, 1U0I, 5I5K
5FQD, 4IOF, 4C1N, 3ZJY, 3DCO
4U3J, 5W0K, 3R9A, 3OPZ, 6JO8
1YY9, 4DPG, 3N85, 4LEO, 2F5Z
5U8Q, 3EIQ, 4P59, 1WDW, 3GD1
2WBY, 1S78, 6B05, 1TT5, 4K71
4K3J, 3P11, 6PDX, 3SQO, 4OQT
2YVJ, 4LIQ, 6DC3, 4LXR, 6CMG
5LP5, 4ILG, 5XWD, 5WI9, 5B3H
1NCA, 5GZO, 3R1G, 5JHL, 5BK1
5XJM, 3B2V, 3UAJ, 2NYZ, 4IIQ
6D7G, 4RDQ, 5C6T, 6BF4, 3VYS
4GUR, 5W6G, 6PXH, 5W42, 5EZO
4J4P, 3T2N, 5Y11, 6II4, 6II9
3RU8, 1JWH, 4GMS, 4R2G, 5MJY
5JQ6, 2NY7, 3VG9, 1JMO, 3FKU
4FQJ, 4HH3, 6IEA, 6R2S, 3HI1
3WO4, 4I2X, 4PL8, 5KW9, 6EWB
6EYO, 5MI0, 4IDJ, 5W08, 5LGK
5K59, 5OMM, 6IEB, 2XQW, 3UBX
5E8E, 4NKQ, 6OOR, 6A0Z, 3NPS
5HDQ, 4K24, 4U6V, 4NP4, 3B9F
5OSH, 6UM5, 1K5D, 4QTI, 6MLK
4CMH, 6ORQ, 4JZJ, 6ORO, 5C0S
5TTE, 4K2U, 4NEE, 5MRV, 6R8X
2R0K, 5VAG, 3W2D, 5O14, 6H2Y
1P9M, 3L95, 4RGO, 6AOD, 2D1K
2YPV, 5D93, 4ETQ, 6HHC, 5CZX
5T5F, 6B9J, 4RGM, 5HYS, 1OYV
4ZFG, 5USH, 5USL, 3MJ9, 2JIX
5TH9, 6OC3, 2J6E, 5CZV, 2XRA
1E6J, 4HKX, 5XMH, 6A67, 3AAA
4XNM, 5W06, 3Q3G, 1IB1, 4I18
5ZXV, 3LEV, 2DD8, 6P67, 6IB8
3C09, 3SKJ, 2VXT, 3MHP, 4CNI
4NE9, 1FE8, 3BGF, 3F5C, 5T29
5ANM, 6PHB, 2CMR, 3HI6, 6PHC
2MTA, 1SY6, 4U6H, 6PHD, 1KLU
3SJD, 4IMY, 4YPG, 6B0A, 1FSK
4DKD, 3MXW, 2R56, 5W1M, 6ATH
6BKB, 5ZO2, 3V6Z, 4DKF, 5D1Z
5EE4, 6GKU, 4G3Y, 6OTC, 6QB6
45661, 3WD5, 5BO1, 3PMH, 3RKD
6MHR, 5Y9J, 4ZS7, 6J11, 1NSN
2GL7, 3EJJ, 3VH8, 1IQD, 5MJ3
3TJZ, 5C0N, 5UTZ, 4YBL, 6MI2
6PPG, 1I4D, 4DOH, 4F37, 5WUX
1P22, 5L6Y, 3K3Q, 6MLM, 2ASS
5T5W, 6TZC, 5JDO, 5N7W, 2XQB
6II8, 5WT9, 5J13, 5ONA, 2VWE
5T1D, 6CWT, 6EY6, 3QWR, 6IEC
6NMV, 3QT2, 5Z78, 4IHL, 4HJ0
1EZU, 5UPK, 4QCI, 5J3H, 6DG5
1LQS, 3W6J, 1EFX, 2XTJ, 4AYI
4HDQ, 4B0M, 4N7V, 4Z8L, 6H3U
4OV6, 5O76, 5E6J, 1P0S, 5D3F
6H3T, 5F1B, 2IY0, 4LN0, 4BJ5
1IJK, 5UQ3, 1UEX, 3T1Q, 3BIK
1A2K, 1ZE3, 1AVG, 1JRH, 5GRJ
5XJ4, 4DCK, 4DJZ, 3B4V, 2W2M
3SZK, 1ID5, 4Q5E, 3SIP, 2CJS
4JB8, 5YDR, 1DU3, 5YOY, 2UZI
3TVJ, 3WWK, 6ISU, 4E6K, 3ONL
5MU3, 4BQ6, 5H07, 2B4J, 1SG1
6A3W, 4HFK, 4HX3, 1I3O, 3FSH
3LHP, 3V62, 1HCF, 4NG2, 5XJ3
1QFW, 4EO5, 5EJC, 5KVE, 6J14
4FFY, 1NB5, 2ZXX, 5VEY, 5BQE
3OWT, 4KT5, 3ECH, 4UU9, 2IBF
5CBA, 2PJY, 5FW5, 2AZE, 4HNJ
2YBR, 2H64, 1ICF, 1RV6, 1HIA
5HYC, 4DAY, 6MUN, 5YMY, 2KDE
4UI0, 1I51, 3HPW, 2LNK, 2LXP
2MA9, 5TUV, 6OB1, 4ASW, 3ZWH
5FUG, 5XIS, 2ODG, 2DSR, 4UUZ
6FTO, 4WFD, 2LVP, 2LVQ, 6OG4
5IBW, 3VZA, 3WWQ, 6ASR, 4XKH
6N5W, 4WNN, 1GCQ, 2LNH, 1M27
2WX0, 2MKC, 4J2L, 4GEQ, 6C48
2PHE, 5SXP, 2KYG, 3IM4, 4BXL
2OTK, 2HWN, 3G6J, 1DE4, 2BP7
5V5V, 4QLB, 6O8B, 2XDF, 4LRX
5LCV, 5IFS, 1C4Z, 4BSR, 6O60
2C5D, 4MNE, 5IMY, 5FT8, 5WB7
5WB8, 1VYH, 6DLD, 5MA5, 5MFC
5GZN, 3H42, 4YDH, 6U2H, 4LRZ
3ZV0, 5KOF, 5BW8, 3QS7, 5A3I
4P9H, 3SDY, 3LZF, 4PWX, 3CQX
3H2U, 1L0X, 5D2N, 2IFG, 3CRK
3LQA, 6OUS, 3QTL, 6FG1, 5J3D
6FG2, 5LPU, 4G59, 6O1F, 5VOB
2WUS, 5IBL, 6H6Z, 6FHP, 6CUG
2QEJ, 6FGB, 4EOZ, 6OEL, 1W1W
3VE0, 5Y4R, 6DFS, 6NHA, 5WHK
2IWG, 3Q4F, 2V51, 5MK0, 6MOE
5MHS, 4R8G, 5DWU, 5UV8, 4JGH
4R8W, 4DCN, 4WUU, 1W72, 5KWY
6MAM, 6KM7, 5D28, 4GKO, 4KV5
3L89, 4M38, 1FG9, 5BT1, 3ZS9
3UEZ, 2Q0O, 5AOQ, 1KGY, 5CJS
5CJQ, 6C83, 6CZO, 2B5I, 2IJ0
4ZI3, 4J6G, 6CO2, 2GH0, 1FAK
2G9H, 2OJE, 5JH5, 4M1G, 2RA3
3RGV, 1KKL, 5EDV, 1DAN, 5HLZ
2O98, 4I9X, 4N8V, 5KNM, 2X1W
4U5W, 5C67, 5EB1, 4PP8, 2AST
3VHX, 5N48, 2WP0, 3HG0, 5TZN
4EEE, 1CMX, 4C99, 3HCU, 6JHW
1P4L, 4P1N, 3WKN, 5JEM, 5V5G
5X4L, 6FC2, 5IIA, 4AUO, 1Z5S
5J7C, 1DVF, 1X75, 1XU1, 2B2W
5J4A, 6N6R, 1VRC, 3FF8, 6NRW
3FF7, 3KXF, 5OC7, 2WY2, 3TJH
5WVO, 4OJK, 3GJN, 6GTQ, 2MJW
2H62, 1N8O, 5SWK, 2OIN, 3O6Q
6HPR, 6F0H, 5VX2, 6A6X, 2Z34
5VWX, 6FU9, 4DRA, 5AJK, 2VOF
5VT9, 5OHM, 3JSV, 3T0Y, 5CFF
5GIM, 3H8D, 3GS2, 5CX3, 5YIS
3G7Z, 1LJ2, 3P8M, 3M0A, 5TDY
3TQ7, 1Y76, 2JTT, 2N13, 1PSB
1P3Q, 2BWE, 3FXD, 1I5K, 2MAK
2K05, 3R0L, 4HMY, 4DI3, 4QD2
4PBV, 5JTL, 6ILK, 3O6F, 5N4W
4OZI, 4OZH, 5SWS, 4D2G, 6AQR
2F6A, 2W83, 5E9D, 4H1L, 4Z2M
4BKL, 2A9H, 5BRM, 4FTG, 6EYD
4QNP, 2WVW, 3IT8, 2NZ1, 4P6I
1KTK, 3D5O, 4IHH, 5O4E, 4KP3
6MGP, 3TWI, 5JHF, 3EOY, 5JTN
5JTQ, 5F6K, 5VCB, 4AUQ, 4Q96
4FAO, 4JO6, 3F4Y, 3VR6, 2IOU
5FFO, 5NZZ, 4GXU, 4NM8, 6CE9
6FGO, 5HK5, 5D50, 6A7V, 5JTM
4Z9V, 3M9D
